x,y,t,u,v,p
0.6190476190476191,0.5873015873015872,0.0,0.0016307119829025408,-5.835251025557754e-06,0.0008338963563856426
0.746031746031746,0.9365079365079365,0.0,0.002286254474653894,0.00011342539388263783,0.0001341701204606763
0.30158730158730157,0.6031746031746031,0.0,-0.003359424976933478,-9.860254423253678e-05,-0.00036221004692984533
0.6984126984126984,0.4603174603174603,0.0,0.0004307444946166869,4.0017476021048784e-05,0.00040036577917880093
0.42857142857142855,0.8571428571428571,0.0,-0.002230909205804867,-0.00017986125861790668,0.0005962903489734147
0.1111111111111111,0.031746031746031744,0.0,-0.0005068729803444404,-7.095945883639651e-05,-0.0001778717380701459
0.5238095238095237,0.746031746031746,0.0,0.0016016210425928207,4.179635941339769e-06,7.045326453934103e-05
0.06349206349206349,0.19047619047619047,0.0,0.0020537822246200514,0.0001786857056989748,0.0013602103903102886
0.031746031746031744,0.3333333333333333,0.0,0.0008374289595606635,-0.000164521429354851,-0.0001652944354871393
0.7142857142857142,0.19047619047619047,0.0,0.0009829436686187116,-0.00013881332924351188,-0.0005471875636663897
0.36507936507936506,0.9682539682539681,0.0,0.0009163736676497552,0.00016731195106031312,0.0008087675062584052
0.3492063492063492,0.36507936507936506,0.0,0.0007836055831694659,3.063116989044564e-05,0.0006609726114454966
0.8571428571428571,0.7301587301587301,0.0,0.0013257304250925523,-0.00014616108049309804,0.0012266192693232221
0.8253968253968254,0.0,0.0,0.0014981103148852557,1.6168312261595916e-05,0.0007292411179577213
0.38095238095238093,0.6190476190476191,0.0,-0.0001136958478496773,0.00016194096295667193,0.00011928678812772046
0.746031746031746,1.0,0.0,-4.85177468226877e-05,0.00023860802123515127,-0.0004440290054893178
0.6666666666666666,0.047619047619047616,0.0,0.000926151621711,8.114412024473967e-05,0.0003921577592013917
0.1111111111111111,0.36507936507936506,0.0,0.0012130353321787614,4.255829856178596e-05,-0.0004573413789547335
0.8095238095238095,0.7142857142857142,0.0,0.0011059918470322089,-3.259908692312232e-05,-0.00020372013631516207
0.4603174603174603,0.1111111111111111,0.0,0.0006667904632300918,-0.0001434372621436247,0.00018807496264816004
0.0,0.7142857142857142,0.0,-0.001837872307340908,0.0001293991380022224,0.000990739178411241
0.07936507936507936,0.36507936507936506,0.0,0.0015555156406316763,0.00013738577399769538,-0.0009926492145812375
0.6666666666666666,0.6666666666666666,0.0,-0.0008962388876669573,5.2255338407632856e-05,0.0003137529425032129
0.15873015873015872,0.8571428571428571,0.0,0.0017576331861298667,-7.206232697021322e-05,0.0006560752148203653
0.36507936507936506,0.8571428571428571,0.0,0.000322712235013432,-1.7162041967526384e-05,-0.0012043832714281333
0.7301587301587301,0.9365079365079365,0.0,-0.00017136871206698548,5.491101108644114e-05,-0.0006832788071031531
0.9206349206349206,0.31746031746031744,0.0,0.0003671039402947739,-0.00014100473094116157,0.001385853125110562
0.9047619047619047,0.7301587301587301,0.0,0.0024023094339118874,0.00011118385390746389,0.0005230944610477666
0.31746031746031744,0.8095238095238095,0.0,0.0008194150146538664,-0.00018443784744425355,-0.00023709669057779323
0.6507936507936507,0.06349206349206349,0.0,-0.0014550649021789004,3.1759436443780034e-05,-0.0010331135555929018
0.38095238095238093,0.5079365079365079,0.0,-0.00042690391311579935,8.186226846836016e-05,-0.0011408762391387683
0.7619047619047619,0.06349206349206349,0.0,0.00026757246039292235,1.893847619024156e-05,-0.0006058282541638273
0.6984126984126984,0.15873015873015872,0.0,-0.0020305130569449542,-4.468881029552333e-05,-0.00016084454967439418
0.47619047619047616,0.9365079365079365,0.0,0.0003066136684908715,-8.392176853892851e-05,-0.00023055795483202868
0.6984126984126984,0.12698412698412698,0.0,-0.00218731377205679,-0.00012446054487036816,0.0005586886063949393
0.1746031746031746,0.4603174603174603,0.0,-0.00047482678502452056,6.083995448849296e-05,5.338560316574435e-05
0.2222222222222222,0.746031746031746,0.0,-0.0003029649417605006,-8.073567722810643e-05,0.00031609151224420935
0.14285714285714285,0.06349206349206349,0.0,0.0008203191022952596,0.00010984618575102367,-0.0001961505618117644
0.9047619047619047,0.49206349206349204,0.0,-0.0014890878309954602,-7.088464127193293e-05,-0.0005879153488510656
0.2698412698412698,0.47619047619047616,0.0,0.0004326246191247438,1.0439752747258722e-05,0.00021795435769785283
0.7777777777777777,0.36507936507936506,0.06711409395973154,-0.0011597419574855953,-6.637291354617415e-05,-0.013977970717816512
0.38095238095238093,0.6984126984126984,0.06711409395973154,0.0014145507677958407,2.672112850311237e-05,0.009986346650919228
0.25396825396825395,0.9365079365079365,0.06711409395973154,0.0005485424902900404,-0.00024882845802024866,0.01012135664005409
0.8888888888888888,0.8888888888888888,0.06711409395973154,-0.005085327607242146,-0.0009247147664608856,0.07633755318117974
0.3968253968253968,1.0,0.06711409395973154,-0.0005902305677150181,-0.00018859029930360817,0.016651777415460887
0.4444444444444444,0.8253968253968254,0.06711409395973154,0.001040343671821722,-0.0004854524739202566,0.018291698113709565
0.4126984126984127,0.6190476190476191,0.06711409395973154,-0.002146065271400226,-4.257684302380539e-05,0.006419804570914057
0.6349206349206349,0.6349206349206349,0.06711409395973154,-0.0015600928934064871,0.00012527191046555724,0.012631252433051632
0.36507936507936506,0.31746031746031744,0.06711409395973154,0.0013488991638774413,9.473790520862077e-06,-0.007999347898743448
0.06349206349206349,0.12698412698412698,0.06711409395973154,-0.000966306015156323,-8.615791058046462e-05,-0.0037486419754948143
0.6507936507936507,0.2857142857142857,0.06711409395973154,-0.00022638528767117386,6.180673496916587e-05,-0.02151958090722259
0.6031746031746031,0.5238095238095237,0.06711409395973154,-0.0009201815733992943,2.5519033851348598e-05,0.002427137218133712
0.20634920634920634,0.6825396825396826,0.06711409395973154,-0.002571658881017641,-9.102517655052854e-05,0.003995844752887183
0.36507936507936506,0.015873015873015872,0.06711409395973154,-5.847667731284743e-05,0.0003088961263225445,-0.015666450236244852
0.5873015873015872,0.3492063492063492,0.06711409395973154,-0.0022700424063835205,6.547341698477558e-05,-0.012641472417292564
0.1746031746031746,0.9523809523809523,0.06711409395973154,-9.656850312770557e-05,-1.2536029776640643e-05,0.0066385548668321
0.5555555555555556,0.47619047619047616,0.06711409395973154,0.0007014662282943886,-0.00018596670994933272,-0.001192836474214112
0.12698412698412698,0.23809523809523808,0.06711409395973154,-0.001382830629808611,0.0002445767955488899,-0.004509276415262228
0.5555555555555556,0.1111111111111111,0.06711409395973154,0.0010219353935408423,0.0004863274479364634,-0.028449488208305007
0.6825396825396826,0.20634920634920634,0.06711409395973154,-1.021745179258292e-05,0.0004676159231708246,-0.03187977198520667
0.07936507936507936,0.23809523809523808,0.06711409395973154,0.0014351214082123152,9.492400309513385e-05,-0.003547996252214463
0.6825396825396826,0.8888888888888888,0.06711409395973154,0.001042046383579302,-0.0007685437608425896,0.04191761263199034
0.3492063492063492,0.873015873015873,0.06711409395973154,-0.00040913142054709614,-0.00015067172350585295,0.013066496468624378
0.873015873015873,0.38095238095238093,0.06711409395973154,0.0022464247353583787,-0.00013768716800950268,-0.010487305145814831
0.015873015873015872,0.14285714285714285,0.06711409395973154,-0.000794858136218817,5.985165947832028e-05,-0.0034764380082564633
0.49206349206349204,0.23809523809523808,0.06711409395973154,-0.002336113503272355,0.0002697148698778906,-0.016771950760729574
0.1111111111111111,0.5079365079365079,0.06711409395973154,0.0002038981248748061,0.00023767396153321206,-0.000397528736821599
0.42857142857142855,0.8253968253968254,0.06711409395973154,0.0019073099241701614,-0.0001556171256657066,0.01617102299935264
0.6984126984126984,0.09523809523809523,0.06711409395973154,0.0014597535115307215,0.0008881441610948299,-0.04483161339540808
0.8095238095238095,0.1111111111111111,0.06711409395973154,0.001134818194603856,0.0012078948712163807,-0.061797807073854204
0.8888888888888888,0.0,0.06711409395973154,0.0005945514809098782,4.611071424485202e-05,-0.12981402520754245
0.09523809523809523,0.14285714285714285,0.06711409395973154,0.0008915395774991043,-0.0001940106223596458,-0.0038496847405538816
0.5714285714285714,0.09523809523809523,0.06711409395973154,0.0010036956387296082,0.0007830332661885489,-0.030510115099853508
0.5714285714285714,0.5079365079365079,0.06711409395973154,-0.0016637727684149957,-7.702168777549057e-06,0.000769403343141179
0.873015873015873,0.873015873015873,0.06711409395973154,-0.00305109079155009,-0.0007178839010842479,0.06740151502738664
0.23809523809523808,0.3492063492063492,0.06711409395973154,-0.0012499244112895696,0.0001102857392575537,-0.0034562025045191402
0.746031746031746,0.5238095238095237,0.06711409395973154,0.00025425418148515485,-0.00015488133347600936,0.0028672891165014763
0.015873015873015872,0.0,0.06711409395973154,0.0014352440266345067,0.00014989401505990466,-0.0035975685670214265
0.06349206349206349,0.20634920634920634,0.06711409395973154,-0.00038782112088670256,6.488979289546662e-05,-0.0037071821156790426
0.06349206349206349,0.9841269841269841,0.06711409395973154,0.000787892816425795,0.00027749710520749726,0.0042330067027797685
0.06349206349206349,0.9523809523809523,0.1342281879194631,-0.0008990609532098047,-0.00020940132524869816,0.017244912165368834
0.6666666666666666,0.0,0.1342281879194631,0.00047640682571206813,0.0001441374773373128,-0.05845288396077376
0.0,0.7142857142857142,0.1342281879194631,-0.00021843456704751408,-6.680610150876591e-05,0.010385833614811605
0.0,0.746031746031746,0.1342281879194631,0.0007780591041437534,-4.993257320443017e-07,0.012153725817110314
0.9682539682539681,0.746031746031746,0.1342281879194631,0.12040178767516312,0.0033100533129581887,0.02427262887544775
0.1746031746031746,0.9841269841269841,0.1342281879194631,6.472679112490311e-05,-0.0002774853118382081,0.01844719155968736
0.2222222222222222,0.42857142857142855,0.1342281879194631,-0.0010257258860937558,0.00024637071416746143,-0.003928735330943811
0.36507936507936506,0.4603174603174603,0.1342281879194631,-0.00025528975452949576,-0.00010530432557480215,-0.002950951112027762
0.3492063492063492,0.6349206349206349,0.1342281879194631,0.001388204799335329,-0.0001919758879867668,0.008617330538692656
0.07936507936507936,0.6349206349206349,0.1342281879194631,0.0012714696017005582,-5.726583485827749e-05,0.007559046487418873
0.8888888888888888,0.7619047619047619,0.1342281879194631,-0.0017514354407935579,0.001453137720066414,0.044947333110269085
0.8888888888888888,0.746031746031746,0.1342281879194631,-0.0038740211085913434,0.0011127809312234524,0.040944068728231
0.3333333333333333,0.07936507936507936,0.1342281879194631,0.00048103375104059193,0.00038365667735535823,-0.022246288557146707
0.7301587301587301,0.20634920634920634,0.1342281879194631,-0.004271294177583515,0.0013703268487268952,-0.04636413405724974
0.7301587301587301,0.2857142857142857,0.1342281879194631,-0.0015201898542818737,0.0004142978344795287,-0.03212022157107953
0.5555555555555556,0.6507936507936507,0.1342281879194631,-0.0006061596537390691,-0.00014478063365028118,0.016220055633776508
0.7301587301587301,0.015873015873015872,0.1342281879194631,-0.002316489492516595,0.0031402928977045086,-0.07467945062227103
0.9365079365079365,0.4603174603174603,0.1342281879194631,0.004011596302850759,-0.00032885378350028325,-0.001775976375121036
0.9047619047619047,0.36507936507936506,0.1342281879194631,-0.0036898319611498405,-0.0011726983653877541,-0.015989173451853925
0.7936507936507936,0.6507936507936507,0.1342281879194631,-0.004306134188352951,0.00024002790430108635,0.022455451316176846
0.4444444444444444,0.0,0.1342281879194631,0.00044194396985645587,0.00012857440427179766,-0.02970701751234279
0.015873015873015872,0.8253968253968254,0.1342281879194631,0.0022878202230822786,-0.000114586367525384,0.014746166619694507
0.25396825396825395,0.2698412698412698,0.1342281879194631,-0.002352113894600156,0.00027902937126231573,-0.012936411125291434
0.6825396825396826,0.4444444444444444,0.1342281879194631,-0.0031373130804716364,-0.0001031073488375159,-0.007038275376789026
0.2698412698412698,0.6666666666666666,0.1342281879194631,-0.00033177759460550384,-0.00018550813196816619,0.01038664230641978
0.25396825396825395,0.19047619047619047,0.1342281879194631,0.0006162108979041971,0.000374280449690892,-0.018031832128380457
0.6190476190476191,0.873015873015873,0.1342281879194631,-0.0011972943382868903,-0.001879282367817626,0.04407990635253318
0.4603174603174603,0.7936507936507936,0.1342281879194631,-0.00010275397576314728,-0.0006809032011497957,0.024567372994763026
0.2222222222222222,0.2857142857142857,0.1342281879194631,-0.0029840778940909214,0.0001911283095910709,-0.011856018562050975
0.3333333333333333,0.746031746031746,0.1342281879194631,-0.0029009789853242547,-0.00047710200970099524,0.015138464504882364
0.6190476190476191,0.047619047619047616,0.1342281879194631,0.0019808541748272163,0.0020501345777672606,-0.0482825282125139
0.6349206349206349,0.9047619047619047,0.1342281879194631,-0.0012205236370227397,-0.0020999164389265148,0.04781024715950933
0.36507936507936506,0.746031746031746,0.1342281879194631,-0.0012009890784205272,-0.000532525914444889,0.017580632985436037
0.38095238095238093,0.3492063492063492,0.1342281879194631,-0.0013387141508122062,0.00019064051798373932,-0.011694271544745045
0.6825396825396826,0.9682539682539681,0.1342281879194631,0.0005387336252295843,-0.0029783111562498663,0.06066607349049837
0.09523809523809523,0.031746031746031744,0.1342281879194631,-0.00031616990587173606,7.952500322136287e-05,-0.016927085148479456
0.47619047619047616,0.3492063492063492,0.1342281879194631,-0.0009140043633258452,0.0003368351907482785,-0.013825178929997092
0.873015873015873,0.9841269841269841,0.1342281879194631,-0.0040918992157031,-0.011792470349470317,0.1516609367695613
0.5555555555555556,1.0,0.1342281879194631,-0.0011752399154431436,8.157881610071653e-05,0.039611137498207424
0.6349206349206349,0.4603174603174603,0.1342281879194631,-0.002769781197677135,0.00014929714945842296,-0.0041429677689511476
0.7777777777777777,0.9365079365079365,0.20134228187919462,-1.952513298777341e-05,-0.008779571645743776,0.09746671135935868
0.36507936507936506,0.07936507936507936,0.20134228187919462,0.0017007173002558107,0.0012820694618858775,-0.021348321985820845
0.4603174603174603,0.3492063492063492,0.20134228187919462,-0.0040333966963195834,0.000726135272740202,-0.01255585152159269
0.7301587301587301,0.1111111111111111,0.20134228187919462,-0.0017943470357071468,0.00559380407511338,-0.07279289025253292
0.047619047619047616,0.8888888888888888,0.20134228187919462,-0.003034976282507813,5.112860219335051e-05,0.011079822972378727
0.047619047619047616,0.1111111111111111,0.20134228187919462,-0.0018787567244696586,0.00019124893123898014,-0.01120099781995381
0.8571428571428571,0.12698412698412698,0.20134228187919462,-0.013404505493902204,0.005735176930318448,-0.10910866773167421
0.5714285714285714,0.6666666666666666,0.20134228187919462,-7.233339096268275e-05,-0.0009585005202973729,0.020950177622233678
0.5714285714285714,0.20634920634920634,0.20134228187919462,-0.0017496808083617237,0.001972213773109259,-0.033635953788220825
0.9682539682539681,0.2857142857142857,0.20134228187919462,0.19381318208334208,-0.004366185233477346,-0.024767224512152394
0.31746031746031744,0.20634920634920634,0.20134228187919462,-0.004175574663023218,0.000807083931694853,-0.01537344362181445
0.5079365079365079,0.015873015873015872,0.20134228187919462,0.0006675930144743765,0.0017447245708496224,-0.0366873968483891
0.5238095238095237,0.3333333333333333,0.20134228187919462,-0.00404135661456101,0.0005258376729353911,-0.016791904097172336
0.5714285714285714,0.6031746031746031,0.20134228187919462,-0.0038781800522429983,-0.0005276349013722681,0.013273226320937127
0.5873015873015872,0.8412698412698412,0.20134228187919462,-0.001707693118100085,-0.002422564348921174,0.03985655741720387
0.25396825396825395,0.47619047619047616,0.20134228187919462,-0.00233095658094228,-7.156431497777826e-05,-0.0012175216424843032
0.7777777777777777,0.6984126984126984,0.20134228187919462,-0.0029196540086634335,-0.00038082007746885525,0.037819197234426054
0.6825396825396826,0.8412698412698412,0.20134228187919462,-0.005081514931776156,-0.0033460625625726147,0.0549164376837116
0.20634920634920634,0.6349206349206349,0.20134228187919462,-0.0028706308185350088,-0.00045129321571087957,0.006742820321124347
0.873015873015873,0.6349206349206349,0.20134228187919462,-0.0026676504288347625,0.0012090030271800364,0.023607782105040456
0.7936507936507936,0.12698412698412698,0.20134228187919462,-0.007473120464720425,0.00588954160556643,-0.0876068679542092
0.3968253968253968,0.07936507936507936,0.20134228187919462,0.001066638816299063,0.001238692084533357,-0.023181466271079167
0.1111111111111111,0.4603174603174603,0.20134228187919462,0.0010813940970948062,0.00023630617926275168,-0.0016558467537348626
0.4126984126984127,0.6507936507936507,0.20134228187919462,-0.0011304418345332331,-0.0005866235462644323,0.011422485569302034
0.6825396825396826,0.47619047619047616,0.20134228187919462,-0.005724486092230727,4.8489739820594756e-05,-0.0018232425151141977
0.06349206349206349,0.9682539682539681,0.20134228187919462,0.0016725207809619963,-0.00014697381073446947,0.011726944775880871
0.5555555555555556,0.3492063492063492,0.20134228187919462,-0.0025106695596697247,0.0007335952110917077,-0.01620581978495622
0.07936507936507936,0.09523809523809523,0.20134228187919462,0.0011201320815883904,0.00026134419815778776,-0.010718872652653949
0.6349206349206349,0.9523809523809523,0.20134228187919462,-0.0027768149983921154,-0.0043373324246489785,0.054855057652020686
0.7777777777777777,0.9206349206349206,0.20134228187919462,-0.0050970927528284,-0.008203076363619374,0.0941241513401303
0.4126984126984127,0.07936507936507936,0.20134228187919462,-0.0028133903383765,0.001829624323456303,-0.024540855014937024
0.7142857142857142,0.38095238095238093,0.20134228187919462,-0.0024643909147110104,0.0003328544554915773,-0.018764913583300166
0.09523809523809523,0.4126984126984127,0.20134228187919462,-0.0012272322691031165,0.00010720396116989289,-0.003140374479954942
0.5238095238095237,0.7777777777777777,0.20134228187919462,-0.0006381131455957345,-0.0015820430610341523,0.02773634445389905
0.12698412698412698,0.09523809523809523,0.20134228187919462,-0.0036295452132966773,0.00033110642330177944,-0.011669033602695203
0.1111111111111111,0.2698412698412698,0.20134228187919462,0.0018775817263530763,0.0004054005456473939,-0.0078112449956001286
0.4126984126984127,0.2698412698412698,0.20134228187919462,-0.002906514593980675,0.0011498687840963825,-0.015537396117915483
0.9365079365079365,0.42857142857142855,0.20134228187919462,0.0082486426778011,-0.0008486836728797075,-0.007766176770474017
0.873015873015873,0.23809523809523808,0.20134228187919462,-0.005501578524189751,-0.0012623040699850287,-0.055235879413138345
0.20634920634920634,0.4603174603174603,0.20134228187919462,-0.0019313409322616066,0.00010867092322637789,-0.001153226785140526
0.6984126984126984,0.36507936507936506,0.2684563758389262,-0.005898569322548669,0.0008553756044517334,-0.025310579023773455
0.19047619047619047,0.7142857142857142,0.2684563758389262,-0.0007514366931459353,-0.0005416463281576397,0.013768809223296126
0.2698412698412698,0.8095238095238095,0.2684563758389262,0.0009391417540332511,-0.001163710979454212,0.020599121678428013
0.06349206349206349,0.3968253968253968,0.2684563758389262,-0.002097113953316655,0.0002763106267338229,-0.004457162899824533
0.5238095238095237,0.9841269841269841,0.2684563758389262,-0.0012374966569261303,-0.002702814296468375,0.0454818282608621
0.873015873015873,0.5079365079365079,0.2684563758389262,-0.007118621303988274,-3.874389859386363e-05,0.004137859278255954
0.15873015873015872,0.1746031746031746,0.2684563758389262,-0.0014802623415463233,0.00025514503447436544,-0.017220953770553462
0.2698412698412698,0.49206349206349204,0.2684563758389262,-0.002904542101058203,8.491812824072944e-05,-2.366272658068199e-05
0.9841269841269841,0.8095238095238095,0.2684563758389262,0.5509267129048772,0.025089612561501193,0.10253671116996105
0.4603174603174603,0.8412698412698412,0.2684563758389262,-0.00030208505292534803,-0.002408766763389656,0.03414581000934116
0.2857142857142857,0.7619047619047619,0.2684563758389262,-0.0011543707687726068,-0.0011278801497818167,0.019255036651233928
0.1111111111111111,0.6984126984126984,0.2684563758389262,0.0015122680102948535,-0.00022507214367608334,0.012079202722574943
0.6349206349206349,0.20634920634920634,0.2684563758389262,-0.00023986872560075815,0.0036250024189557572,-0.04856116284167958
0.5873015873015872,0.9682539682539681,0.2684563758389262,-0.00010275132966211368,-0.004841418328549905,0.0550180627230668
0.7301587301587301,0.25396825396825395,0.2684563758389262,-0.0063386542862522025,0.0025416608998875775,-0.049715373397169915
0.38095238095238093,0.2222222222222222,0.2684563758389262,-0.002378973758167195,0.0016938324549852478,-0.022636816507582053
0.9365079365079365,0.6507936507936507,0.2684563758389262,0.024359210811378696,0.003533023736509312,0.028812160770675086
0.4126984126984127,0.9365079365079365,0.2684563758389262,-0.0008384952251690227,-0.002523700597046108,0.034054906819696015
0.6190476190476191,0.5873015873015872,0.2684563758389262,-0.004786400669251732,-0.0007768290463319955,0.015443970707819854
1.0,0.0,0.2684563758389262,1.0008755052799054,-2.2513886672630266e-05,0.0001882804746558153
0.7619047619047619,0.047619047619047616,0.2684563758389262,-0.00574173392082605,0.012625153309098025,-0.10313641669653403
0.4126984126984127,0.4603174603174603,0.2684563758389262,-0.0035414407940226374,0.00019015529371707858,-0.003309671821778163
0.07936507936507936,0.873015873015873,0.2684563758389262,-2.7879379849517476e-05,-0.00012563491309807153,0.0175630364690117
0.0,0.2857142857142857,0.2684563758389262,-0.0007402734484003321,3.8319220105886036e-05,-0.010231151598773138
0.42857142857142855,0.7777777777777777,0.2684563758389262,-0.0008656911888543959,-0.0021353413307493773,0.026384689697822136
0.9841269841269841,0.6349206349206349,0.2684563758389262,0.5666569776649423,0.006566037514776486,0.026839007168132242
1.0,0.6825396825396826,0.2684563758389262,0.9992806632388801,-0.00014880253481999928,-0.0007258214324337789
0.5555555555555556,0.36507936507936506,0.2684563758389262,-0.0015936603950226346,0.0013076879477286164,-0.016781456549699526
0.09523809523809523,0.6666666666666666,0.2684563758389262,-0.0011598244980728905,-0.0003631007165445207,0.009457832506443001
0.9206349206349206,0.2698412698412698,0.2684563758389262,-0.0017775925512555943,-0.0050878787027126325,-0.048322933232281276
0.8412698412698412,0.19047619047619047,0.2684563758389262,-0.01656337831955116,0.002696407613440609,-0.08482846394973183
0.0,0.8253968253968254,0.2684563758389262,-0.0028445177739050208,5.123734334669151e-05,0.01692463258756567
0.47619047619047616,0.2698412698412698,0.2684563758389262,-0.002047801818852699,0.001730904405039905,-0.025792968669822666
0.015873015873015872,0.1746031746031746,0.2684563758389262,-0.003933717195370008,-6.500281743332078e-05,-0.014269949796330584
0.2857142857142857,0.5873015873015872,0.2684563758389262,-0.001409313440952837,-0.0005984267879609385,0.007148347179305913
0.14285714285714285,0.1746031746031746,0.2684563758389262,-0.0013073853116271413,0.0005638968034109632,-0.014873054550414698
0.8253968253968254,0.19047619047619047,0.2684563758389262,-0.011521340613890117,0.0035070155457125455,-0.08162006852764905
0.47619047619047616,0.6984126984126984,0.2684563758389262,-0.0018921660999267013,-0.0014770277272021894,0.023655211282825047
0.031746031746031744,0.746031746031746,0.2684563758389262,-0.0010608419972957825,-8.356082050369418e-05,0.01371180928714808
0.8571428571428571,0.8412698412698412,0.2684563758389262,-0.015869787755451257,-0.004550284834791341,0.10381570186282307
1.0,0.6825396825396826,0.33557046979865773,1.0010360271804994,-0.00016735699109303489,0.000967167310053123
0.8571428571428571,0.47619047619047616,0.33557046979865773,-0.0074604716300161675,-0.00033456816575379446,-0.0023315285853123635
0.4444444444444444,0.7777777777777777,0.33557046979865773,-0.0028691644015150382,-0.002663400251994385,0.027536945975525477
0.38095238095238093,0.2857142857142857,0.33557046979865773,-0.0020848680053842054,0.001691541907186415,-0.016002044291682255
0.9365079365079365,0.2857142857142857,0.33557046979865773,0.03886542955420801,-0.007153717759900715,-0.04630054308511122
0.15873015873015872,0.14285714285714285,0.33557046979865773,-0.0026018088298972314,0.0010166186082121108,-0.013133452576947452
0.25396825396825395,0.23809523809523808,0.33557046979865773,-0.00140432388650136,0.0010773389760327064,-0.013886692224832277
0.047619047619047616,0.47619047619047616,0.33557046979865773,-0.002053689466439068,0.00010442713703851924,-0.00016686680419653087
0.38095238095238093,0.4444444444444444,0.33557046979865773,-0.002114562712100864,0.00019985505007896317,-0.0027188038731724394
0.1746031746031746,0.8571428571428571,0.33557046979865773,0.00012835588985808308,-0.0008000140815251851,0.017872184617881856
0.8095238095238095,0.20634920634920634,0.33557046979865773,-0.016648291489410803,0.004438312692693708,-0.0785875675210204
0.06349206349206349,0.5238095238095237,0.33557046979865773,-0.00028538613612635226,-5.1731938500759626e-05,0.004319136437428214
0.4444444444444444,0.5714285714285714,0.33557046979865773,-0.004157572724686146,-0.0006005478104630766,0.0093363618962188
0.5396825396825397,0.47619047619047616,0.33557046979865773,-0.0027004357827028194,0.0003625485215004709,-0.0010133348646820131
0.6190476190476191,0.14285714285714285,0.33557046979865773,-0.007100512301211354,0.006240573274616931,-0.053671769791956356
0.3968253968253968,0.2222222222222222,0.33557046979865773,-0.005332963443024592,0.0022196520979296972,-0.02112051909441715
0.1111111111111111,0.7777777777777777,0.33557046979865773,-0.001195436877524175,-0.0005294836369291291,0.013934617600700756
0.5714285714285714,0.2857142857142857,0.33557046979865773,-0.006071316500280191,0.0030290604195151475,-0.028277762030884945
0.6349206349206349,0.8253968253968254,0.33557046979865773,-0.006131569412004412,-0.006016796257101592,0.0548560480469782
0.9523809523809523,0.4603174603174603,0.33557046979865773,0.13102408209487243,-0.0010588872143612665,-0.0028871019915850333
1.0,0.0,0.33557046979865773,1.000675589306484,0.00012912608985429834,0.00035562041007355455
0.6349206349206349,0.5238095238095237,0.33557046979865773,-0.008461960616660687,-0.00033212379899999836,0.005660863112090036
0.47619047619047616,0.5873015873015872,0.33557046979865773,-0.003705493581042415,-0.0011177431462703416,0.011325089433060445
0.031746031746031744,0.3968253968253968,0.33557046979865773,-0.00048214324937389,0.00027849701386328053,-0.004198544649162681
0.4603174603174603,0.7142857142857142,0.33557046979865773,-0.006925923119045983,-0.0023450652838198772,0.02337634376708523
0.23809523809523808,0.8412698412698412,0.33557046979865773,-0.0016230452708972873,-0.0013180088201874504,0.018344027032903627
0.6031746031746031,0.6666666666666666,0.33557046979865773,-0.007874624258010755,-0.001862354165122722,0.02712845065142294
0.6825396825396826,0.14285714285714285,0.33557046979865773,-0.007197958870043732,0.00816832536115163,-0.06730677882195983
0.9047619047619047,0.5873015873015872,0.33557046979865773,-0.0030667588779210125,0.0019268384159008345,0.021613230818981522
0.6031746031746031,0.14285714285714285,0.33557046979865773,-0.0023260109323768336,0.005976112105988898,-0.05055533453245976
0.25396825396825395,0.49206349206349204,0.33557046979865773,-0.0020699274954938812,5.10084054579223e-05,0.000890097152361609
0.42857142857142855,0.47619047619047616,0.33557046979865773,-0.004410175092465546,0.00019752154271856172,-0.00040424657417441285
0.9365079365079365,0.7936507936507936,0.33557046979865773,0.026806369072352208,0.008005457167803043,0.0882222494955887
0.09523809523809523,0.8571428571428571,0.33557046979865773,-0.00032558921091622463,-0.00037309137396876555,0.015365460320970512
0.9523809523809523,0.2857142857142857,0.33557046979865773,0.12610756598498965,-0.009176332492276779,-0.04485700696692927
0.19047619047619047,0.7777777777777777,0.33557046979865773,-0.0025755661231721266,-0.0008108746949284909,0.015476708511585505
0.2698412698412698,1.0,0.33557046979865773,-0.002513181610112162,-3.467299673127456e-06,0.0218320374607688
0.4444444444444444,0.9682539682539681,0.33557046979865773,0.0009694880867795607,-0.003396369760142358,0.03495359313397558
0.7301587301587301,0.2857142857142857,0.33557046979865773,-0.006955047899930094,0.002615040179264236,-0.04426826514645879
0.047619047619047616,0.38095238095238093,0.33557046979865773,-0.001021337757648769,8.428188973148142e-05,-0.0041266478332050655
0.12698412698412698,0.6349206349206349,0.40268456375838924,-0.004566781510169477,-0.0003547269459060268,0.010484908925823454
0.7777777777777777,0.873015873015873,0.40268456375838924,-0.01633025454811186,-0.015550067573912252,0.10242861112262257
0.873015873015873,0.9841269841269841,0.40268456375838924,-0.0065187941172588785,-0.03549143064276242,0.19183892383355497
0.9841269841269841,0.07936507936507936,0.40268456375838924,0.5577615563835371,-0.08299564820092248,-0.3604576815441707
0.4444444444444444,0.4126984126984127,0.40268456375838924,-0.005160816674112469,0.0009581385336934961,-0.007966984377650093
0.5238095238095237,0.5714285714285714,0.40268456375838924,-0.0031065900931235937,-0.0012849821075993295,0.012529162871057802
0.9841269841269841,0.2698412698412698,0.40268456375838924,0.6396348824659024,-0.02072079370320667,-0.07087768599719647
0.42857142857142855,0.49206349206349204,0.40268456375838924,-0.0043980744628443575,9.684105710793935e-05,0.00041397475344082764
0.30158730158730157,0.5714285714285714,0.40268456375838924,-0.005117388103703072,-0.00040210502875480164,0.007984718970125874
0.746031746031746,0.5396825396825397,0.40268456375838924,-0.009101655826351973,-0.0006055900044683157,0.011424627656477986
0.6984126984126984,0.7301587301587301,0.40268456375838924,-0.011310957860965276,-0.0046992139857547814,0.050780342046192445
0.30158730158730157,0.7301587301587301,0.40268456375838924,-0.001748308682569845,-0.0018628434756610788,0.019437204038699692
0.2222222222222222,0.12698412698412698,0.40268456375838924,-0.0016080918146695524,0.0016416159160760355,-0.019899607115100578
0.07936507936507936,0.6984126984126984,0.40268456375838924,-0.002499668695425546,-0.00042719188401588713,0.013381636152872769
0.4444444444444444,0.42857142857142855,0.40268456375838924,-0.005668664420822851,0.000990418906929475,-0.00652756585042398
0.8412698412698412,0.8253968253968254,0.40268456375838924,-0.02056102093403826,-0.008397061486747188,0.10474822640857404
0.5873015873015872,0.38095238095238093,0.40268456375838924,-0.006044126028149493,0.0018705656370075878,-0.01856499441747103
0.015873015873015872,0.4444444444444444,0.40268456375838924,-0.00016394826571455336,0.00010304367629412508,-0.0011853960062933476
0.1111111111111111,0.0,0.40268456375838924,0.002053943615720257,-3.512695359494944e-05,-0.01660430359501425
0.15873015873015872,0.4126984126984127,0.40268456375838924,-0.0012618063945692528,0.0002950057545030514,-0.0034886500293153035
0.2857142857142857,0.0,0.40268456375838924,0.0021671436465710418,-0.00023797987127695765,-0.02375032431548514
0.9047619047619047,0.5079365079365079,0.40268456375838924,0.0020771197368252333,5.043363678937775e-05,0.004740317971718768
0.14285714285714285,0.9523809523809523,0.40268456375838924,0.000344082790621016,-0.0008633724094412573,0.0206567848502512
0.2698412698412698,0.9047619047619047,0.40268456375838924,-0.002142576284440296,-0.0023658411180107423,0.02394045917808399
0.031746031746031744,0.6825396825396826,0.40268456375838924,-0.0025009682710736185,0.00013912931259611058,0.013098107899857915
0.7619047619047619,0.12698412698412698,0.40268456375838924,-0.014980649908884841,0.015161599942966722,-0.09782879803918039
0.5555555555555556,0.3333333333333333,0.40268456375838924,-0.005257728722937021,0.0026085049374677477,-0.023246569206547836
0.31746031746031744,0.2857142857142857,0.40268456375838924,-0.003775610296447761,0.0016585922943876715,-0.014882350487841938
0.015873015873015872,0.49206349206349204,0.40268456375838924,-0.0018161925393545858,5.877647642461073e-05,0.0015304233462998644
0.8888888888888888,1.0,0.40268456375838924,-0.0017923432469259082,1.3050522016413369e-05,0.2167920493705556
0.9047619047619047,0.8888888888888888,0.40268456375838924,-0.03947909211780871,-0.017138087607103704,0.16491436898809775
0.4126984126984127,0.20634920634920634,0.40268456375838924,-0.006213822709461302,0.0032753367934408805,-0.026616546737238532
0.15873015873015872,0.9841269841269841,0.40268456375838924,-1.0638202606484292e-05,-0.0004337711720987311,0.022294484203319996
0.031746031746031744,0.4603174603174603,0.40268456375838924,-0.0040839701496004155,2.1874786925584053e-05,-0.0012296899475636018
0.20634920634920634,0.047619047619047616,0.40268456375838924,-0.001579197656076735,0.001446307717989375,-0.0196665175093497
0.9841269841269841,0.15873015873015872,0.40268456375838924,0.622562830322974,-0.04859567336054177,-0.1737687339436644
0.36507936507936506,0.746031746031746,0.40268456375838924,-0.003284682457241873,-0.002150652117744363,0.02249234736852591
0.6349206349206349,0.20634920634920634,0.40268456375838924,-0.0077616841208497985,0.006714452135704065,-0.050847261931027544
0.015873015873015872,0.5555555555555556,0.40268456375838924,-0.0003453767809682329,0.00011583243959584147,0.005227893838445962
0.746031746031746,0.8095238095238095,0.40268456375838924,-0.013744334548371892,-0.00888410584325897,0.07734378157010773
0.12698412698412698,0.9206349206349206,0.4697986577181208,-0.00019916187404556113,-0.001080960182320855,0.018656468738314457
0.25396825396825395,0.5555555555555556,0.4697986577181208,-0.0018607245859954403,-0.0006227915151620843,0.0054453429555847204
0.36507936507936506,0.8095238095238095,0.4697986577181208,-0.002127683369061905,-0.0035917227077489023,0.02650984273818851
0.31746031746031744,0.5238095238095237,0.4697986577181208,-0.004529384966199541,-0.00028729268016594025,0.003206561310204183
0.7777777777777777,0.3333333333333333,0.4697986577181208,-0.015597331651244184,0.0016371276312817367,-0.04006010260491391
0.746031746031746,0.8571428571428571,0.4697986577181208,-0.014765372385303049,-0.015583991389021518,0.09036935403000129
0.9206349206349206,0.5714285714285714,0.4697986577181208,0.025760509301855992,0.0021781287722888805,0.022165798532402657
0.031746031746031744,0.047619047619047616,0.4697986577181208,0.000910111092448831,0.0003216491115812256,-0.014305823894602589
0.47619047619047616,0.047619047619047616,0.4697986577181208,-0.0025425960949662556,0.006513853416219961,-0.03950052021080064
0.6984126984126984,0.23809523809523808,0.4697986577181208,-0.011200054981925325,0.00749489577406779,-0.056214102166077674
0.3968253968253968,0.07936507936507936,0.4697986577181208,-0.0030364369880542348,0.004660493962223112,-0.02944495917362894
0.5873015873015872,0.9365079365079365,0.4697986577181208,-0.003956266647731569,-0.010530211480205312,0.05952521490147527
0.7936507936507936,0.6190476190476191,0.4697986577181208,-0.014805249845818325,-0.000863782669638349,0.0327345511709641
0.7619047619047619,0.4126984126984127,0.4697986577181208,-0.011678314711299861,0.00042797771008571404,-0.01888848992047913
0.07936507936507936,0.6666666666666666,0.4697986577181208,-0.003052334137364622,-0.0001790726249858552,0.010444503544324074
0.15873015873015872,0.49206349206349204,0.4697986577181208,-0.00341982779851333,2.9550665689775608e-05,0.000509084228528446
0.06349206349206349,0.047619047619047616,0.4697986577181208,0.00133364264066871,0.0005501089887629828,-0.015371860149600087
0.9047619047619047,0.31746031746031744,0.4697986577181208,-0.0046611224640926464,-0.005339826341630787,-0.047115890224932074
0.8095238095238095,0.5238095238095237,0.4697986577181208,-0.011212099197112484,-0.0002708858099737262,0.0088191807739987
0.7619047619047619,0.9206349206349206,0.4697986577181208,-0.010464046728182411,-0.023514047027826095,0.10971279030242397
0.15873015873015872,0.5873015873015872,0.4697986577181208,-0.00115069311912678,-0.0006137967899238979,0.005896107819820852
0.12698412698412698,0.3333333333333333,0.4697986577181208,-0.0013412527849055121,0.0005231787409800807,-0.008285549287743579
0.6984126984126984,0.6666666666666666,0.4697986577181208,-0.010075976211261004,-0.003601302676359775,0.03790604310592189
0.9523809523809523,0.5079365079365079,0.4697986577181208,0.19542039594087207,0.00042828016821363054,0.00673497007021232
0.47619047619047616,0.6666666666666666,0.4697986577181208,-0.0061711557110539755,-0.002935124950007894,0.022768855004665557
0.5238095238095237,0.4603174603174603,0.4697986577181208,-0.01096861427455436,0.0008411428204202847,-0.004738491081520649
0.6507936507936507,0.746031746031746,0.4697986577181208,-0.008696698296046166,-0.006366063123637638,0.049044825873991824
0.23809523809523808,0.6031746031746031,0.4697986577181208,-0.0063789925111417305,-0.0007368523498915897,0.008520784513372778
0.49206349206349204,0.7619047619047619,0.4697986577181208,-0.005127409261542975,-0.004993721103583251,0.033096605783718605
0.6031746031746031,0.7301587301587301,0.4697986577181208,-0.007978592284735303,-0.00553435560598417,0.0408998828136833
0.6349206349206349,0.38095238095238093,0.4697986577181208,-0.008627581054033317,0.002428638713388393,-0.020826933373333016
0.6190476190476191,0.9047619047619047,0.4697986577181208,-0.002297727225736708,-0.011702649320715113,0.06491275343547007
0.8888888888888888,0.8412698412698412,0.4697986577181208,-0.036517918523214336,-0.007771548739434302,0.1284276670969602
0.1111111111111111,0.5396825396825397,0.4697986577181208,0.00013775304583061405,-0.0001914893980937448,0.003643122453867421
0.49206349206349204,0.6984126984126984,0.4697986577181208,-0.003998314716522695,-0.003617962750910051,0.026493049988597923
0.38095238095238093,0.9365079365079365,0.4697986577181208,-0.00037464987107603705,-0.004665357031746518,0.030725977414257637
0.031746031746031744,0.6666666666666666,0.4697986577181208,-0.0012783628627593942,-0.0002750610965144656,0.011073392229722184
0.09523809523809523,0.9523809523809523,0.4697986577181208,-0.0003997214595256686,-0.000718610241176488,0.018863767661448982
0.1746031746031746,0.12698412698412698,0.4697986577181208,0.0012178960320503587,0.0017095329521277488,-0.016932571939235357
0.8095238095238095,0.5873015873015872,0.4697986577181208,-0.01345268979914102,-0.0002579870317825403,0.02501080302763867
0.3333333333333333,0.9206349206349206,0.5369127516778524,-0.002010966663773894,-0.004118939548719994,0.02827108746876138
0.14285714285714285,0.3968253968253968,0.5369127516778524,-0.0033510608729961054,0.0003230533728748113,-0.0050903096406372745
0.09523809523809523,0.5396825396825397,0.5369127516778524,-0.003079468571863826,-0.0001381949821215429,0.003467655193255853
0.8571428571428571,1.0,0.5369127516778524,0.0010072221348989383,-6.247215983252765e-05,0.1778710561343386
0.23809523809523808,0.19047619047619047,0.5369127516778524,-0.002486933915210968,0.0024022391582470717,-0.017531410762164596
0.30158730158730157,0.9523809523809523,0.5369127516778524,-0.00036795459944390904,-0.0034201414203934924,0.026804311056675745
0.9047619047619047,0.42857142857142855,0.5369127516778524,0.005202564587884697,-0.0026056699532421624,-0.01399401595769179
0.31746031746031744,0.5714285714285714,0.5369127516778524,-0.003005255811517414,-0.0009838236506823999,0.007278609234869491
0.8095238095238095,0.9365079365079365,0.5369127516778524,-0.016230745072327968,-0.038603513368548906,0.13663052017659338
0.20634920634920634,0.5873015873015872,0.5369127516778524,-0.0046607147228020914,-0.0006106682825114673,0.007332393228328047
0.3492063492063492,0.6507936507936507,0.5369127516778524,-0.0024906023249965364,-0.0021146969449866025,0.014937195329011615
0.5555555555555556,0.8412698412698412,0.5369127516778524,-0.005273927109734649,-0.009098675044590629,0.04923703734263653
0.7619047619047619,0.3492063492063492,0.5369127516778524,-0.01436821100235845,0.00227715297943365,-0.03678826651591739
0.19047619047619047,0.9523809523809523,0.5369127516778524,-0.00045120647795459377,-0.0018652411217484099,0.02119907577334926
0.7301587301587301,0.09523809523809523,0.5369127516778524,-0.011055235294952812,0.02255094261859445,-0.0955337647191932
0.1746031746031746,0.7777777777777777,0.5369127516778524,-0.001567723254554548,-0.001563504744222505,0.016983344517826352
0.031746031746031744,0.873015873015873,0.5369127516778524,-0.0007609108882956467,-0.00026163089074943244,0.017795036998104988
0.15873015873015872,0.09523809523809523,0.5369127516778524,-0.002188145251013361,0.0016710583189157731,-0.01809372302151979
0.23809523809523808,0.5238095238095237,0.5369127516778524,-0.004258696481214553,-0.00023980858143200434,0.003851199146143636
0.4603174603174603,0.6984126984126984,0.5369127516778524,-0.0062171240604714925,-0.0039299676599313434,0.024245085480620026
0.5555555555555556,0.4603174603174603,0.5369127516778524,-0.007653728098787074,0.000851843988871176,-0.005550690633222339
0.8253968253968254,0.7142857142857142,0.5369127516778524,-0.021061539373912332,-0.0025277792477897743,0.06531830946715009
0.31746031746031744,0.5238095238095237,0.5369127516778524,-0.0010294420018033303,-0.00027684418069587997,0.0034448133799080296
0.9682539682539681,0.07936507936507936,0.5369127516778524,0.2787411685263032,0.00984814043058083,-0.22994845471962544
0.3968253968253968,0.49206349206349204,0.5369127516778524,-0.005560861940722037,7.506454294792039e-05,0.001864202472436022
0.3333333333333333,0.15873015873015872,0.5369127516778524,-0.0003180378075549905,0.003893764649155652,-0.02311743844378568
0.15873015873015872,0.7142857142857142,0.5369127516778524,-0.004379609463089993,-0.0010260821148360274,0.014027004079010351
0.06349206349206349,0.2222222222222222,0.5369127516778524,-0.0014443075931488913,0.0005258721469248183,-0.014013888984079284
0.8253968253968254,0.6507936507936507,0.5369127516778524,-0.018785489609907037,-0.0008236659910249664,0.04525847207121211
0.015873015873015872,0.5555555555555556,0.5369127516778524,-0.004981756326060374,-0.00011933731905368285,0.0049719040253676594
0.49206349206349204,0.07936507936507936,0.5369127516778524,-0.004664610211491757,0.008178474351784159,-0.04103043782882539
0.8253968253968254,0.7936507936507936,0.5369127516778524,-0.026042070922469227,-0.009501313854413636,0.09281093480341555
0.25396825396825395,0.4126984126984127,0.5369127516778524,-0.004643583490992943,0.0009098470193051585,-0.005460514188375524
0.8253968253968254,0.9682539682539681,0.5369127516778524,-0.007655708524824984,-0.0401156039596158,0.15177301837803772
0.3968253968253968,0.047619047619047616,0.5369127516778524,-0.0028956257657729184,0.005312501650167241,-0.033000086076920364
0.12698412698412698,0.20634920634920634,0.5369127516778524,-0.00157210577781556,0.0011134643544135402,-0.014105429136166808
0.1746031746031746,0.2857142857142857,0.5369127516778524,-0.006426824665702134,0.0012577782852752754,-0.011396826759289607
0.15873015873015872,0.31746031746031744,0.5369127516778524,-0.0035186069886301934,0.0010981513462442877,-0.009826195822783787
0.0,0.3968253968253968,0.5369127516778524,0.00029792832251758586,-1.1069948125497228e-05,-0.004155772574726055
1.0,0.09523809523809523,0.5369127516778524,0.9994721597654783,0.00013727561926018828,0.0005454276215685422
0.1111111111111111,0.06349206349206349,0.6040268456375839,0.00030622688830880135,0.0011102569656350407,-0.01596870096500035
0.7936507936507936,0.47619047619047616,0.6040268456375839,-0.016967559213823806,-0.00013952798725449714,-0.0035696912191238916
0.9523809523809523,0.36507936507936506,0.6040268456375839,0.24671121391322196,-0.008891386994312352,-0.035223491116946365
0.5238095238095237,0.746031746031746,0.6040268456375839,-0.00856522827431983,-0.006921297063619727,0.0347678470000493
0.23809523809523808,0.8888888888888888,0.6040268456375839,1.2489212670006031e-05,-0.003372578749506266,0.023227316863503704
0.20634920634920634,0.6666666666666666,0.6040268456375839,-0.00580930706346374,-0.0012444559872104564,0.012569860482330783
0.49206349206349204,0.14285714285714285,0.6040268456375839,-0.007254876033466569,0.008836663272717857,-0.03954605358780834
0.6666666666666666,0.2857142857142857,0.6040268456375839,-0.013168429253713277,0.007597711855057832,-0.04394094843746315
0.047619047619047616,0.9365079365079365,0.6040268456375839,-0.00100042371896879,-0.0005260869645635862,0.01839924934152236
0.5079365079365079,0.23809523809523808,0.6040268456375839,-0.007783193074444213,0.0069148726459307575,-0.03282788037309795
0.38095238095238093,0.873015873015873,0.6040268456375839,-0.005751382543050466,-0.005847201828911183,0.030932167784676824
0.6825396825396826,0.25396825396825395,0.6040268456375839,-0.016361049667004787,0.009688749977996187,-0.05261255324805091
0.3492063492063492,0.6349206349206349,0.6040268456375839,-0.004293386706585588,-0.002466310616979158,0.013356154636767172
0.8888888888888888,0.5555555555555556,0.6040268456375839,-0.008143202723461954,0.0006985179363651094,0.020162313353959828
0.873015873015873,0.4126984126984127,0.6040268456375839,-0.013874425916416215,-0.002474945030712744,-0.019708217710193144
0.47619047619047616,0.9523809523809523,0.6040268456375839,-0.0005917097820891767,-0.00857301229515899,0.04234949998463266
0.09523809523809523,0.12698412698412698,0.6040268456375839,-0.00047039108902905747,0.0009207006566145173,-0.015683524759331997
0.09523809523809523,0.5238095238095237,0.6040268456375839,-0.0037369020444700403,-0.00011054152509517461,0.0025985638482835284
0.4126984126984127,0.6349206349206349,0.6040268456375839,-0.0061100815962816905,-0.002747114783585816,0.015299708246231655
0.2857142857142857,0.015873015873015872,0.6040268456375839,0.0019254112146947452,0.002222643882940307,-0.02350197723047189
0.06349206349206349,0.7936507936507936,0.6040268456375839,-0.0021704196733545464,-0.0004602594391237138,0.015472247498707301
0.42857142857142855,0.7301587301587301,0.6040268456375839,-0.006424787386514863,-0.004581212181058183,0.0255470249142907
0.3968253968253968,0.3333333333333333,0.6040268456375839,-0.006603634320901175,0.003076497505501202,-0.01531660548649692
0.1111111111111111,0.9365079365079365,0.6040268456375839,-5.456290770360279e-05,-0.0010815029548127974,0.019315288652652123
0.0,0.1746031746031746,0.6040268456375839,-0.0006492133078648396,1.569789413467058e-05,-0.014226298531668395
0.5714285714285714,0.25396825396825395,0.6040268456375839,-0.00904719892092828,0.007908463433555566,-0.03793803978557144
0.7142857142857142,0.8571428571428571,0.6040268456375839,-0.016306436651608417,-0.019755827765563935,0.08395476109714323
0.30158730158730157,0.9047619047619047,0.6040268456375839,-0.002057055894857285,-0.004319748666185456,0.02667530937232594
0.25396825396825395,0.7936507936507936,0.6040268456375839,-0.0023170042895581575,-0.0029976428537268965,0.021048318055768685
0.5714285714285714,0.7777777777777777,0.6040268456375839,-0.009838086475076648,-0.00915109585022808,0.04433182689943239
0.3492063492063492,0.6190476190476191,0.6040268456375839,-0.007800653484624107,-0.0017779218516671387,0.012666204931521692
0.5873015873015872,0.6825396825396826,0.6040268456375839,-0.012923381694616973,-0.0058742883445080316,0.03219817948598231
0.6349206349206349,0.4126984126984127,0.6040268456375839,-0.01577348594971307,0.002266577788356771,-0.015345038785276554
0.873015873015873,0.23809523809523808,0.6040268456375839,-0.030628819346903428,0.0009755687960730268,-0.08885272875833676
0.19047619047619047,0.6984126984126984,0.6040268456375839,-0.0038841208712753553,-0.001478260405726675,0.013543604007847232
0.7301587301587301,0.31746031746031744,0.6040268456375839,-0.01966744140906713,0.005359860617519831,-0.04355805058873447
0.6507936507936507,0.5079365079365079,0.6040268456375839,-0.015103315332023998,-0.0005593290275068005,0.005506798831680894
0.7301587301587301,0.7936507936507936,0.6040268456375839,-0.01845515342014393,-0.014005407379262097,0.07420822682266746
0.15873015873015872,0.9047619047619047,0.6040268456375839,-0.00201519068617669,-0.0017738506636189992,0.020931936351223705
0.31746031746031744,0.7777777777777777,0.6040268456375839,-0.004766844157359417,-0.003830291703233447,0.0222192494171917
0.47619047619047616,0.047619047619047616,0.6711409395973155,-0.0031437454567964833,0.00977784365385032,-0.03990307356811447
0.4603174603174603,0.9682539682539681,0.6711409395973155,0.0001962356837623033,-0.007398301911711027,0.040538169344734955
0.2222222222222222,0.5079365079365079,0.6711409395973155,-0.006239886910739212,-8.644232081491673e-06,0.0013816811057527551
0.9206349206349206,0.3492063492063492,0.6711409395973155,0.05252259883938453,-0.007567273331264065,-0.042492355567004376
0.047619047619047616,0.9682539682539681,0.6711409395973155,-0.0018905270210592543,-0.00029517451365220523,0.019489396539825468
0.4603174603174603,0.23809523809523808,0.6711409395973155,-0.00856618132560515,0.00698673097008923,-0.027834689599869247
1.0,0.19047619047619047,0.6711409395973155,1.0006344800998277,1.980427410563995e-05,-0.0008169743593401122
0.15873015873015872,0.5555555555555556,0.6711409395973155,-0.006082990226700901,-0.00048617631812672034,0.006851477705272232
0.6666666666666666,0.47619047619047616,0.6711409395973155,-0.013912236076880396,0.0007681355951463902,-0.0020397764502248015
0.7301587301587301,0.746031746031746,0.6711409395973155,-0.020661485667944166,-0.011227652637966103,0.06451424659419147
0.7301587301587301,0.19047619047619047,0.6711409395973155,-0.02108087985748159,0.017952645080546812,-0.07784968704651225
0.2698412698412698,0.6507936507936507,0.6711409395973155,-0.006590331492505886,-0.001827234344580647,0.012634976931006105
0.9682539682539681,0.3968253968253968,0.6711409395973155,0.46532877040228154,-0.0056774839270524995,-0.019361081206985147
0.746031746031746,0.09523809523809523,0.6711409395973155,-0.014401845322465318,0.03255071590546364,-0.10139999914879474
0.38095238095238093,0.031746031746031744,0.6711409395973155,0.00013761840389907456,0.005595807154155646,-0.029096449310485894
0.3333333333333333,0.07936507936507936,0.6711409395973155,-0.0018458382434761022,0.005781881447105954,-0.025882368584162423
0.25396825396825395,0.4444444444444444,0.6711409395973155,-0.005644401260951751,0.0006749305811677954,-0.0028735220658278405
0.6190476190476191,0.6666666666666666,0.6711409395973155,-0.012399580165740628,-0.006188539618672524,0.03373859602296133
1.0,0.9206349206349206,0.6711409395973155,1.0006712845535581,-8.700474719909346e-05,0.0006080596745034781
0.3333333333333333,0.6190476190476191,0.6711409395973155,-0.004875717037422522,-0.002092204348793729,0.012388484956246785
0.9047619047619047,0.1746031746031746,0.6711409395973155,-0.029165681588692056,0.006695143604080619,-0.1362527269036515
0.0,0.9841269841269841,0.6711409395973155,0.00295036880223986,5.4270586844111324e-05,0.019590270681347294
0.23809523809523808,0.746031746031746,0.6711409395973155,-0.004783047654623599,-0.002505766167782716,0.01698335782964256
0.19047619047619047,0.7777777777777777,0.6711409395973155,-0.005397812042858325,-0.0020461123995067078,0.017304284083529433
0.9682539682539681,0.20634920634920634,0.6711409395973155,0.44219448953183826,-0.020468318027706017,-0.0944533653633596
0.5396825396825397,0.6190476190476191,0.6711409395973155,-0.013457729901895449,-0.0037817730717730263,0.019414956098876664
0.9206349206349206,0.3333333333333333,0.6711409395973155,0.05464777994082593,-0.00809447288809312,-0.04913168659520506
0.7301587301587301,0.031746031746031744,0.6711409395973155,0.00010922354323823508,0.025869409439144165,-0.09975835767153773
0.38095238095238093,1.0,0.6711409395973155,0.0013833656562279078,8.352102740297544e-06,0.0330894426922015
0.3968253968253968,0.14285714285714285,0.6711409395973155,-0.005298027123043673,0.0069722261790531505,-0.02851046668842311
0.9682539682539681,0.7301587301587301,0.6711409395973155,0.4445380752809388,0.012665455034384591,0.06506249211554907
0.15873015873015872,0.3333333333333333,0.6711409395973155,-0.0040328426399815235,0.0010844099914573435,-0.008444694584880227
0.8253968253968254,0.9682539682539681,0.6711409395973155,-0.00899195682336611,-0.0488014174745689,0.15297094544003262
0.6825396825396826,0.2698412698412698,0.6711409395973155,-0.01946304676293481,0.01001071442795849,-0.04915240884358913
0.47619047619047616,0.2222222222222222,0.6711409395973155,-0.0072526819185988025,0.00797770101663994,-0.03054520325499742
0.8888888888888888,0.06349206349206349,0.6711409395973155,-0.05404072930227751,0.08963061422792547,-0.21192759309305315
0.47619047619047616,0.5396825396825397,0.6711409395973155,-0.007076870702185866,-0.0010293218888330017,0.0074119383753765405
0.30158730158730157,0.4603174603174603,0.6711409395973155,-0.009360528450411361,0.0005371840370345832,-0.0016187628488361118
0.7142857142857142,0.873015873015873,0.6711409395973155,-0.013897925102471842,-0.024327500936233978,0.08776372240109151
0.7936507936507936,0.0,0.6711409395973155,0.0021488744426033206,0.00025198265547864135,-0.13061331385510394
0.9206349206349206,0.8412698412698412,0.7382550335570469,0.017456976579882027,-0.003392872296825724,0.1411373472346824
0.9682539682539681,0.5079365079365079,0.7382550335570469,0.4829290123384124,0.00040417347305999425,0.0075541049867380635
0.873015873015873,0.3968253968253968,0.7382550335570469,-0.018864654561330834,-0.002884502100517988,-0.02663363853324411
0.9206349206349206,0.9682539682539681,0.7382550335570469,-0.04307652408603358,-0.13750847789547457,0.2940536646319556
0.015873015873015872,0.6190476190476191,0.7382550335570469,-0.0012850222351605293,-5.2325503217502286e-05,0.00841475395588488
0.07936507936507936,0.30158730158730157,0.7382550335570469,-0.0020478408998197708,0.0005781642978737088,-0.009111708041821834
0.9047619047619047,0.5079365079365079,0.7382550335570469,0.022707895097892408,-0.0006851954893642365,0.007349405011553564
0.3333333333333333,0.15873015873015872,0.7382550335570469,-0.0014813353622028852,0.00592450640432082,-0.023414960816104013
0.1111111111111111,0.8888888888888888,0.7382550335570469,0.0019210571261401449,-0.0013846507647802373,0.01918717346747883
0.2698412698412698,0.6349206349206349,0.7382550335570469,-0.009510098600366782,-0.0022456806244560926,0.011618050559846202
0.9365079365079365,0.25396825396825395,0.7382550335570469,0.13596208885018965,-0.01323400637881111,-0.0858010931696833
0.015873015873015872,1.0,0.7382550335570469,0.00036576973838087565,0.000172744602241953,0.018843594937149325
0.3333333333333333,0.746031746031746,0.7382550335570469,-0.005229745390602376,-0.0043469455853970135,0.021738722028905418
0.8095238095238095,0.5873015873015872,0.7382550335570469,-0.025086498972579096,-0.0016497971555173947,0.027465261437516087
0.1111111111111111,0.38095238095238093,0.7382550335570469,-0.00487953725184482,0.0008482087163653126,-0.005442455559220795
0.8571428571428571,0.5555555555555556,0.7382550335570469,-0.018730447537343403,-0.00030397452349122415,0.02033612734028928
0.7777777777777777,0.9682539682539681,0.7382550335570469,-0.00595804346681916,-0.036729277092441365,0.12279058919312964
0.1746031746031746,0.4444444444444444,0.7382550335570469,-0.005126443590510816,0.0006337777207038133,-0.0026500716335146777
0.5396825396825397,0.5555555555555556,0.7382550335570469,-0.01395149843856728,-0.0018095287020108686,0.009889198200044
0.6031746031746031,0.5079365079365079,0.7382550335570469,-0.016105651654501764,-0.0005794652910589605,0.00317612920664909
0.031746031746031744,0.5714285714285714,0.7382550335570469,-0.003421538250374872,-0.00016082317359310586,0.006211896083403792
0.9206349206349206,0.6031746031746031,0.7382550335570469,0.06801180612112377,0.0038171724228115854,0.03581159918571717
0.6825396825396826,0.30158730158730157,0.7382550335570469,-0.018601819739825182,0.00880328263535837,-0.04293448750111142
0.5238095238095237,0.3968253968253968,0.7382550335570469,-0.01091127983343584,0.0035539811214256663,-0.013800995506006242
0.06349206349206349,0.15873015873015872,0.7382550335570469,-0.0022839212287361385,0.0008979286454009623,-0.015046144351807155
0.1111111111111111,0.6984126984126984,0.7382550335570469,-0.005462997145560881,-0.0009859058580135602,0.012922514327104812
0.3968253968253968,0.49206349206349204,0.7382550335570469,-0.010576620833035658,0.00011918007240236142,-0.00013807183998640305
0.9365079365079365,0.5396825396825397,0.7382550335570469,0.15779392780087997,0.0014174634402638506,0.016764361565877503
0.30158730158730157,0.6984126984126984,0.7382550335570469,-0.005768949952884388,-0.003609199068727125,0.017355506437037958
0.4444444444444444,0.5873015873015872,0.7382550335570469,-0.00905612087449123,-0.0025383667185639295,0.012273117276906694
0.1111111111111111,0.8412698412698412,0.7382550335570469,-0.001192140936758197,-0.001568058548930431,0.018502202823784054
0.746031746031746,0.09523809523809523,0.7382550335570469,-0.01766615903092696,0.03635830506260346,-0.1019074509790592
0.9365079365079365,0.6507936507936507,0.7382550335570469,0.14909895933758555,0.006498842664830117,0.049045634884711295
0.7777777777777777,0.6666666666666666,0.7382550335570469,-0.025738589264077016,-0.005410007039120136,0.04741744558845144
0.1111111111111111,0.20634920634920634,0.7382550335570469,-0.0031998904749898967,0.001221022407223101,-0.014197753763191897
0.2857142857142857,0.20634920634920634,0.7382550335570469,-0.006899223341860775,0.0042335747949204085,-0.01950980198833093
0.015873015873015872,0.49206349206349204,0.7382550335570469,-0.0019979148878856183,-0.00011758527451438005,0.0006113417769540404
0.2698412698412698,0.20634920634920634,0.7382550335570469,-0.002688351800093091,0.004067001433634116,-0.018251247813969022
0.047619047619047616,0.42857142857142855,0.7382550335570469,-0.00612108184955904,0.00026791192533790853,-0.0023657368876085034
0.6825396825396826,0.9523809523809523,0.7382550335570469,-0.004652552297709092,-0.02534262153463117,0.0841072411657093
0.5238095238095237,0.5238095238095237,0.8053691275167785,-0.014260544156069631,-0.0012473423449872562,0.005527341754498211
0.9523809523809523,0.7777777777777777,0.8053691275167785,0.2728840639387608,0.018291807438076502,0.10862358494975717
0.5555555555555556,0.9523809523809523,0.8053691275167785,-0.0006768573278707003,-0.015548564135982724,0.054054206070918924
0.746031746031746,0.9047619047619047,0.8053691275167785,-0.018471557631182533,-0.03913982552337089,0.10202637979513153
0.15873015873015872,0.1746031746031746,0.8053691275167785,-0.003949382733471204,0.002424306077606963,-0.01595202581660327
0.42857142857142855,0.6825396825396826,0.8053691275167785,-0.008908955348181109,-0.005539205147287578,0.021573428847393418
0.42857142857142855,0.6984126984126984,0.8053691275167785,-0.008953679934603068,-0.005865047075325754,0.022967135655351373
0.6031746031746031,0.23809523809523808,0.8053691275167785,-0.014108122430651413,0.013468627771124128,-0.045062233141582406
0.6507936507936507,0.15873015873015872,0.8053691275167785,-0.015217235855873245,0.02160176625698982,-0.06503105386076259
0.015873015873015872,0.19047619047619047,0.8053691275167785,-0.0020729965620208484,-0.00021343472613440123,-0.013609410078251179
0.06349206349206349,0.5873015873015872,0.8053691275167785,-0.006202114159897287,-0.0003247295134748095,0.005770759758229094
0.6190476190476191,0.031746031746031744,0.8053691275167785,-0.00048173758325593757,0.01733351100974914,-0.06516798014131026
0.23809523809523808,0.09523809523809523,0.8053691275167785,-0.0019518178345853147,0.004469410647989863,-0.019532516471048075
0.5396825396825397,0.7777777777777777,0.8053691275167785,-0.012692309828724144,-0.011793040610509445,0.04068597851915661
0.4126984126984127,0.746031746031746,0.8053691275167785,-0.009200926290026272,-0.007104162660766024,0.025870230718698494
0.06349206349206349,0.19047619047619047,0.8053691275167785,-0.0034017257190218078,0.0007990432518837473,-0.013861707124492998
0.19047619047619047,0.30158730158730157,0.8053691275167785,-0.00460296627476602,0.0023821611904383706,-0.011227039615532878
0.8888888888888888,0.4603174603174603,0.8053691275167785,0.0013590382584675123,-0.002340394921598454,-0.0076227804226995325
0.4126984126984127,0.6825396825396826,0.8053691275167785,-0.0075033363755289415,-0.00512481580450387,0.01958061585500519
0.1746031746031746,0.3333333333333333,0.8053691275167785,-0.0070719703273608055,0.0017031919663856427,-0.00910893978593808
0.5873015873015872,0.2857142857142857,0.8053691275167785,-0.015976891479978626,0.010271667255862354,-0.0359111521928244
0.8412698412698412,0.31746031746031744,0.8053691275167785,-0.03284264248468462,0.0018102877915221562,-0.05625610669186224
0.9682539682539681,0.19047619047619047,0.8053691275167785,0.46389190551918597,-0.022303680409913366,-0.11190512587451946
0.38095238095238093,0.31746031746031744,0.8053691275167785,-0.008583221472553339,0.004629296540325501,-0.015692374924593945
0.3333333333333333,0.4126984126984127,0.8053691275167785,-0.008852338825078607,0.0018767069429458667,-0.006213896757722677
0.9682539682539681,0.12698412698412698,0.8053691275167785,0.4108090423199745,-0.01609920452953703,-0.16767866217186891
0.2698412698412698,0.6666666666666666,0.8053691275167785,-0.006565724807340617,-0.002611407182490788,0.013886077718524681
0.42857142857142855,0.9047619047619047,0.8053691275167785,-0.002716318209843244,-0.010491041914651444,0.03612170128011708
0.873015873015873,0.6825396825396826,0.8053691275167785,-0.022738483357531536,-3.371140846517654e-05,0.06005751788669405
0.5238095238095237,0.5079365079365079,0.8053691275167785,-0.017118118458470236,-0.00026828300757148095,0.0022723470900583792
0.8412698412698412,0.09523809523809523,0.8053691275167785,-0.047537041776520926,0.06458413265685081,-0.15370608068167924
0.14285714285714285,0.8253968253968254,0.8053691275167785,-0.0031163771774075457,-0.002101065629783127,0.01752642911121489
0.8888888888888888,0.5079365079365079,0.8053691275167785,0.0009376233593695305,-0.0011863943865027884,0.0067854618219225825
0.8412698412698412,0.2698412698412698,0.8053691275167785,-0.0390552563003596,0.0060032422336233505,-0.07487815443917449
0.7936507936507936,0.4603174603174603,0.8053691275167785,-0.02851447462618005,-0.00028057180757887906,-0.00864711672279816
0.8888888888888888,0.1111111111111111,0.8053691275167785,-0.06479002632380776,0.06016098688980369,-0.18148745046708714
0.36507936507936506,0.3968253968253968,0.8053691275167785,-0.010016065258107122,0.002681032523522531,-0.008522605099979475
0.0,0.9206349206349206,0.8053691275167785,0.0008718262578953394,-0.00037386755898442917,0.01878343303847976
0.0,0.6666666666666666,0.8053691275167785,-0.0008191330396899003,0.00023605256709405414,0.011049622802567173
0.6984126984126984,0.8571428571428571,0.8053691275167785,-0.01929603732983462,-0.026467458479944507,0.08020672902282991
0.5396825396825397,0.047619047619047616,0.87248322147651,-0.0015059279116239502,0.015809733324737337,-0.04869688832234704
0.3968253968253968,0.031746031746031744,0.87248322147651,-0.0008996999647069217,0.007223365109740621,-0.02984016917070759
0.19047619047619047,0.7142857142857142,0.87248322147651,-0.005916423906652493,-0.002297031115363371,0.014663671296634517
0.30158730158730157,0.7619047619047619,0.87248322147651,-0.007633322461136511,-0.005073356831546689,0.01936149923534487
0.12698412698412698,0.6666666666666666,0.87248322147651,-0.006029074522931279,-0.0013423444211989608,0.011982661356207326
0.14285714285714285,0.7301587301587301,0.87248322147651,-0.006615738162269574,-0.0019899057876563596,0.013390236089674608
0.07936507936507936,0.6349206349206349,0.87248322147651,-0.005759476918600633,-0.00047760106542446757,0.00848502818886298
0.9047619047619047,0.6349206349206349,0.87248322147651,0.030185249822739603,0.0027452671944411177,0.04636718124466029
0.7936507936507936,0.6507936507936507,0.87248322147651,-0.03010446156374153,-0.0057173012240101136,0.04404970860491593
0.47619047619047616,0.6190476190476191,0.87248322147651,-0.014567756238894775,-0.004682955723030656,0.016474050917273747
0.9523809523809523,0.9523809523809523,0.87248322147651,0.07487635152888672,-0.10371899142954652,0.3679270905469448
0.19047619047619047,0.9682539682539681,0.87248322147651,0.0010257750546448516,-0.0028167610088935813,0.021037762453602976
0.5396825396825397,0.6031746031746031,0.87248322147651,-0.016419614365961066,-0.004505483106047473,0.017547611324947684
0.07936507936507936,0.5555555555555556,0.87248322147651,-0.008557177607103205,-0.000384658842089101,0.003771473485450169
0.6984126984126984,0.2222222222222222,0.87248322147651,-0.02525846677313241,0.019566685063511755,-0.06401337771420104
0.42857142857142855,0.8888888888888888,0.87248322147651,-0.006595232873569832,-0.011163576760704194,0.034590870985286896
0.7619047619047619,0.1746031746031746,0.87248322147651,-0.03556453664073013,0.03021020650746077,-0.09124940332295298
0.47619047619047616,0.07936507936507936,0.87248322147651,-0.004368816005360297,0.014196418840639546,-0.03846232043818184
0.5079365079365079,0.7142857142857142,0.87248322147651,-0.011927546362242249,-0.009223226129142548,0.02993120811085636
0.7142857142857142,0.031746031746031744,0.87248322147651,-0.0022988975709499772,0.02910953520650567,-0.09257260341574008
0.6666666666666666,0.2222222222222222,0.87248322147651,-0.022234626329447258,0.018730602294525216,-0.05751441425057272
0.9365079365079365,0.6190476190476191,0.87248322147651,0.17975805837491987,0.005115299246238077,0.04059128651176923
0.0,0.4126984126984127,0.87248322147651,-0.0009980798485522287,-0.00014603398390318148,-0.004210401581761388
0.1746031746031746,0.7301587301587301,0.87248322147651,-0.0062052933782484835,-0.0022182030236431102,0.013744616531146734
0.5555555555555556,0.49206349206349204,0.87248322147651,-0.01645914935967842,6.435166095858518e-05,5.0777455853076e-05
0.047619047619047616,0.1111111111111111,0.87248322147651,-0.0027336513353857536,0.0005869672868790664,-0.014403217785260844
0.7619047619047619,0.6825396825396826,0.87248322147651,-0.03151076512275402,-0.009391043964431514,0.05113521605839346
0.25396825396825395,0.1746031746031746,0.87248322147651,-0.004567913924004363,0.00487132006350092,-0.01896049193511722
0.015873015873015872,0.5396825396825397,0.87248322147651,-0.001995377954017872,-0.00013306443955949643,0.004018273458489054
0.3968253968253968,0.8571428571428571,0.87248322147651,-0.005671444417203303,-0.009440704066322546,0.03122804952869127
0.5714285714285714,0.23809523809523808,0.87248322147651,-0.016483050120932197,0.013616442343719616,-0.03949597025562967
0.873015873015873,0.15873015873015872,0.87248322147651,-0.06090182542317219,0.03370819810067168,-0.14043009380124533
0.3492063492063492,0.15873015873015872,0.87248322147651,-0.004758319984825487,0.007691643307838245,-0.025065463027343957
0.5714285714285714,0.3968253968253968,0.87248322147651,-0.019223466746289674,0.0047414616602572774,-0.017936145157523706
0.5714285714285714,0.0,0.87248322147651,0.0016240224764887759,8.614146636215643e-05,-0.05372055378667186
0.8412698412698412,0.6031746031746031,0.87248322147651,-0.030024797197478494,-0.0016394316134236188,0.033068896143319294
0.7936507936507936,0.31746031746031744,0.87248322147651,-0.0325847423967994,0.006765937383682154,-0.052464433793215276
0.9365079365079365,0.09523809523809523,0.87248322147651,0.03819948932803318,0.06139088004318511,-0.22818794821861196
0.873015873015873,0.20634920634920634,0.87248322147651,-0.05036375082667174,0.014173298125550453,-0.11217589327649909
0.09523809523809523,0.42857142857142855,0.87248322147651,-0.007886225590652468,0.00024084486838604725,-0.0023942805488663503
0.07936507936507936,0.4126984126984127,0.9395973154362416,-0.007602503283760034,0.00046240899818338104,-0.003471339477584993
0.25396825396825395,0.19047619047619047,0.9395973154362416,-0.004858078185522665,0.005076895134862987,-0.017622219665677227
0.8095238095238095,0.8888888888888888,0.9395973154362416,-0.042564058585230886,-0.05748379958660115,0.12509923819577434
0.0,0.4126984126984127,0.9395973154362416,-0.002274361466715707,-8.073061034454862e-06,-0.0042355488681306225
0.5873015873015872,0.7936507936507936,0.9395973154362416,-0.017742801859106563,-0.0175335767654322,0.04787719679632588
0.5238095238095237,0.38095238095238093,0.9395973154362416,-0.016775959542005163,0.005334357824149307,-0.017100986676254266
0.5873015873015872,0.2222222222222222,0.9395973154362416,-0.015173775752289217,0.01686506031135242,-0.04446179607029169
0.14285714285714285,0.4444444444444444,0.9395973154362416,-0.009692403388254878,0.0004849201191799534,-0.001963748500785031
0.6349206349206349,0.1746031746031746,0.9395973154362416,-0.017298574828799165,0.023344490801603095,-0.05893841652294582
0.5555555555555556,0.3333333333333333,0.9395973154362416,-0.020134491880857554,0.008610593521534435,-0.025104569808393377
0.1111111111111111,0.9047619047619047,0.9395973154362416,-0.00141709886641195,-0.0019980972090232374,0.01858120539092242
0.15873015873015872,0.42857142857142855,0.9395973154362416,-0.00991027155638075,0.0008790710604470264,-0.0038610741354160585
0.4603174603174603,0.6349206349206349,0.9395973154362416,-0.015490764297187275,-0.005429089283605493,0.01710378232558547
0.20634920634920634,0.42857142857142855,0.9395973154362416,-0.00743209107504048,0.000934657396325401,-0.0024542993008722664
0.8253968253968254,0.4603174603174603,0.9395973154362416,-0.029639767025534374,-0.0006942202082175454,-0.008865901917659914
0.1111111111111111,0.07936507936507936,0.9395973154362416,-0.0039530956025662116,0.001802453279014843,-0.01662360298793
0.0,0.6825396825396826,0.9395973154362416,-0.00125518722173816,2.5542707647770694e-05,0.011164961804620987
0.07936507936507936,0.15873015873015872,0.9395973154362416,-0.0012565261019673046,0.0012481358137638216,-0.014942330157275216
0.5873015873015872,0.9047619047619047,0.9395973154362416,-0.007543844158531269,-0.02318702813337705,0.05821459629281469
0.15873015873015872,0.7301587301587301,0.9395973154362416,-0.0037447321843811004,-0.0022297523630280805,0.013815106539615332
0.047619047619047616,0.7142857142857142,0.9395973154362416,-0.004498620631575532,-0.0005675816344327823,0.012574592377688796
0.5079365079365079,0.9682539682539681,0.9395973154362416,-0.0019033867459274279,-0.012031264847601328,0.044931785971908465
0.9523809523809523,0.7936507936507936,0.9395973154362416,0.29308943370982016,0.01886181809328011,0.11694593095136675
0.36507936507936506,0.20634920634920634,0.9395973154362416,-0.004856395654756434,0.007872580374504638,-0.02268219402912729
0.5714285714285714,0.3492063492063492,0.9395973154362416,-0.01976396318876971,0.007836906124570978,-0.023981751656295493
0.015873015873015872,0.9047619047619047,0.9395973154362416,-0.002367580960606635,-0.000244598587829453,0.016963979699934628
1.0,0.7619047619047619,0.9395973154362416,1.0009180123315056,0.00012213153175950325,0.0007375841584596706
0.9523809523809523,0.09523809523809523,0.9395973154362416,0.16482470778914307,0.03028984984728138,-0.25593499945479303
0.3492063492063492,0.9682539682539681,0.9395973154362416,0.0010411569023547895,-0.0064879141239766345,0.028457731686610716
0.1111111111111111,0.6031746031746031,0.9395973154362416,-0.0070136427920609815,-0.0008124238236324207,0.007348005142483145
0.1111111111111111,0.9682539682539681,0.9395973154362416,-9.331425518609553e-05,-0.001450662821182129,0.018455949322187526
0.5714285714285714,0.4126984126984127,0.9395973154362416,-0.01873795649400352,0.0042512787073934405,-0.014142072075037792
0.2857142857142857,0.6507936507936507,0.9395973154362416,-0.009679737778517892,-0.0031402456300572684,0.012344170935380209
0.5873015873015872,0.0,0.9395973154362416,-0.00020626556623391142,0.00010778214780784882,-0.05637248301502048
1.0,0.9047619047619047,0.9395973154362416,1.0010861557630257,1.84244095629032e-05,9.310113271839007e-05
0.5238095238095237,0.4126984126984127,0.9395973154362416,-0.01729613017592426,0.003735968094375992,-0.01196670539511447
0.9682539682539681,0.746031746031746,0.9395973154362416,0.5005640109388064,0.014277936537234205,0.0727502919100217
0.20634920634920634,0.9206349206349206,0.9395973154362416,-0.002896112945649708,-0.004571885175743659,0.02075668889293222
0.1111111111111111,0.2698412698412698,0.9395973154362416,-0.004115473643136898,0.0013744813950300812,-0.011848896330896612
0.20634920634920634,0.5714285714285714,0.9395973154362416,-0.010478279213284413,-0.0011867482922999746,0.006384529645612092
